	factor	influence_score	target_score	G_score	direct_targets	factor_fc	padj	KC2HSC	LSEC2HSC	Hep2HSC	TotalSpec	Newinfluence
1	Ahctf1	0.218475877192982	66.7762352173897	0.0711104279488487	316.666666666667	0.0711104279488487	1.17883073743784e-06	NA	NA	NA	0	0.25
2	Alb	0.412646198830409	84.8849201915169	0.434730410605517	650.666666666667	0.434730410605517	0.000653702460385193	1	0	0	1	0.353161549707602
3	Arhgef12	0.306959219858156	37.9787064284254	0.329942112116453	120	0.329942112116453	1.37601098674158e-44	NA	NA	NA	0	0.25
4	Arid2	0.202022676371781	73.7196448342538	0.103815103876622	226.666666666667	0.150489770265994	0.0245712227337704	NA	NA	NA	0	0.25
5	Arid5b	0.366502192982456	55.0511864491171	0.372956720046968	202.333333333333	0.372956720046968	1.0206127266561e-130	NA	NA	NA	0	0.25
6	Arnt	0.264802631578947	59.0182792660423	0.144537724761071	448.666666666667	0.144537724761071	0.0137898470524323	NA	NA	NA	0	0.25
7	Arntl	0.287234042553191	91.5581323534683	0.0558854099373255	611	0.0558854099373255	0.0143558530886188	NA	NA	NA	0	0.25
8	Atf1	0.0116959064327485	19.7154077454472	0.00134754870236673	60.6666666666667	0.00134754870236673	3.90350732234237e-11	NA	NA	NA	0	0.25
9	Atf2	0.274871298370039	87.5805205471926	0.108002469896131	363	0.147179977759008	0.23891158338914	NA	NA	NA	0	0.25
10	Atf6	0.148665935672515	57.4836786090845	0.0633501385456705	204.666666666667	0.0633501385456705	1.5741358609558e-13	NA	NA	NA	0	0.25
11	Bach2	0.470577485380117	79.7741830156595	0.264383739678917	466.666666666667	0.264383739678917	1.91334171864344e-255	1	0	0	1	0.367644371345029
12	Bbx	0.298976608187135	85.8504802578064	0.131058266517476	383.666666666667	0.161423713359701	0.181258805861414	NA	NA	NA	0	0.25
13	Bclaf1	0.253509160756501	58.7178333422736	0.130353977757681	209	0.130353977757681	2.7117295040333e-21	NA	NA	NA	0	0.25
14	Bdp1	0.0488327423167849	15.8525723527664	0.05916414041753	10.6666666666667	0.05916414041753	1.4972577693161e-07	NA	NA	NA	0	0.25
15	Bhlhe40	0.046875	30.845440644441	0	71.6666666666667	0.00962794306715617	0.224047121660706	NA	NA	NA	0	0.25
16	Bptf	0.344230200945626	71.8059916602919	0.153379995859453	370.333333333333	0.153379995859453	3.29260794651664e-34	NA	NA	NA	0	0.25
17	Cbfb	0.108156028368794	32.5866221918704	0.0201385196278515	195.333333333333	0.0201385196278515	2.31248050308981e-06	NA	NA	NA	0	0.25
18	Cbx5	0.227467494089834	75.1196012478295	0.092483582853987	327.333333333333	0.147874473373701	0.376200319485012	NA	NA	NA	0	0.25
19	Ccdc6	0.215643274853801	85.6592766229939	0.0411968189472776	391.333333333333	0.0411968189472776	0.00898527346878033	NA	NA	NA	0	0.25
20	Ccnt2	0.0296616430260047	47.610860640513	0	105.333333333333	0.0541405239862905	0.627227393411498	NA	NA	NA	0	0.25
21	Cebpb	0.137426900584795	30.5438500520602	0.067073112620633	199.666666666667	0.067073112620633	3.86850330627983e-31	NA	NA	NA	0	0.25
22	Cebpd	0.326647458628842	60.7428856694101	0.205260146616297	255.333333333333	0.205260146616297	5.0143623369558e-08	0	0	1	1	0.33166186465721
23	Chd1	0.0329861111111111	29.1273482890464	0	72	0.0236988596791174	0.147069924901533	NA	NA	NA	0	0.25
24	Chd2	0.506639215503297	112.924393175914	0.258598304445717	1159.66666666667	0.290409722372774	0.0505768515287313	0	1	0	1	0.376659803875824
25	Clock	0.148160460992908	59.7291319906554	0.0623738549637477	225	0.0898788200390749	0.331198262373818	NA	NA	NA	0	0.25
26	Creb1	0.111443557919622	47.4829822747565	0.0477650579714053	98.6666666666667	0.0606008858094667	0.0875014910709403	NA	NA	NA	0	0.25
27	Creb3l1	0.354536052009456	112.632504599849	0.0717558541863426	864.333333333333	0.0717558541863426	1.80454518425254e-209	NA	NA	NA	0	0.25
28	Creb3l2	0.398455969267139	96.1328405910783	0.151398403187246	608.666666666667	0.151398403187246	3.22080288735798e-07	1	0	0	1	0.349613992316785
29	Crebbp	0.554657365932562	123.352389732856	0.219911557881723	1023	0.26260510994633	0.0491416807313843	0	0	1	1	0.38866434148314
30	Crebzf	0.0244902482269504	36.5633017739868	0.0254602246824977	31.3333333333333	0.0254602246824977	0.00928964390633862	NA	NA	NA	0	0.25
31	Crtc3	0.837256594500435	154.184444106571	0.449244763981838	2069	0.449244763981838	2.42965414115527e-152	1	1	1	3	0.877942445875327
32	Ctcf	0.0635342789598109	27.6417507211215	0.066336431803352	42.6666666666667	0.066336431803352	0.00363931150507019	NA	NA	NA	0	0.25
33	Cux1	0.156341374269006	53.912192809108	0.0750547810481531	152	0.0750547810481531	2.45368161685246e-19	NA	NA	NA	0	0.25
34	Cxxc1	0.0686317966903073	53.7199092086026	0.0130344730634355	169.333333333333	0.0191775450269033	0.0247875676687584	NA	NA	NA	0	0.25
35	Egr1	0.308547576832151	83.5781382781597	0.0842485327581598	521.666666666667	0.0842485327581598	0.00143867804920161	NA	NA	NA	0	0.25
36	Elf1	0.167811761229314	54.1738387082094	0.07445686065998	206.333333333333	0.07445686065998	0.0183411871931776	NA	NA	NA	0	0.25
37	Elf2	0.0659722222222222	34.2219683397404	0.0237011779545956	100.333333333333	0.0237011779545956	0.0152144282141209	NA	NA	NA	0	0.25
38	Elk3	0.472628546099291	204.014861199966	0.101748899158052	10057.3333333333	0.101748899158052	6.50939518876273e-58	0	0	1	1	0.368157136524823
39	Elk4	0.370050236406619	123.183824201325	0.062239892149734	1041.33333333333	0.062239892149734	0.00971816139471883	NA	NA	NA	0	0.25
40	Ep300	0.212765957446808	51.8818469037316	0.0421992900376177	659.666666666667	0.0421992900376177	0.00830177181785153	NA	NA	NA	0	0.25
41	Epas1	0.411088947990544	56.0783938124463	0.506955338118467	260	0.506955338118467	1.11217705064105e-245	1	0	0	1	0.352772236997636
42	Esr1	0.639429357969391	118.855069941231	0.69309285637779	1545.66666666667	0.69309285637779	5.89137790746187e-08	1	1	0	2	0.569714678984696
43	Ets1	0.651004728132388	159.695113557743	0.819484775954383	6276	0.819484775954383	0	1	0	1	2	0.575502364066194
44	Ets2	0.343971631205674	102.157807705721	0.0763620280653297	955	0.0763620280653297	0.00080889115180165	0	0	1	1	0.335992907801418
45	Etv1	0.617903913151673	197.749458535933	0.198511108459399	9459	0.198511108459399	1.16107223336555e-28	0	0	1	1	0.404475978287918
46	Etv6	0.466004883663058	85.5470011887821	0.384513323313795	341.333333333333	0.384513323313795	0.00456168449447587	NA	NA	NA	0	0.25
47	Ezh1	0.124113475177305	35.4738093213973	0.0269212892357567	240.666666666667	0.0269212892357567	0.000181742476735285	NA	NA	NA	0	0.25
48	Fli1	0.297872340425532	55.5903117054059	0.118115464316081	1341	0.118115464316081	0	0	0	1	1	0.324468085106383
49	Fos	0.159574468085106	31.4893661184818	0.072125854902714	140	0.072125854902714	1.16551559238736e-08	NA	NA	NA	0	0.25
50	Fosb	0.264184397163121	44.0387326121656	0.101575871578042	429.333333333333	0.101575871578042	0	0	0	1	1	0.31604609929078
51	Foxf1	0.892611904317531	348.805252459647	0.328027182767182	22395	0.328027182767182	0	1	1	1	3	0.919458928238148
52	Foxj3	0.191390210899589	80.8019572638781	0.063792120451883	326.333333333333	0.0893243096397926	0.333333424038032	NA	NA	NA	0	0.25
53	Foxk2	0.236933479532164	78.3662690614905	0.0499656188922682	605.333333333333	0.0499656188922682	3.5307711776597e-08	NA	NA	NA	0	0.25
54	Foxn2	0.00173611111111111	1.75396574745903	0.0045631605582097	10	0.0045631605582097	2.92771547151308e-05	NA	NA	NA	0	0.25
55	Foxn3	0.194296690307329	47.6019974992014	0.133319451383436	124	0.133319451383436	4.93635054157887e-05	NA	NA	NA	0	0.25
56	Foxo3	0.365222953216374	69.2599980602918	0.173772180111388	383	0.173772180111388	8.32441192962085e-60	NA	NA	NA	0	0.25
57	Foxp1	0.436393788105014	77.2340752137746	0.396287961298631	231.666666666667	0.396287961298631	2.11361677551694e-16	NA	NA	NA	0	0.25
58	Frem1	0.843448659325619	350.557019582576	0.267943750575303	23205.3333333333	0.267943750575303	0	1	1	1	3	0.882586494494214
59	Fubp1	0.126108156028369	19.847932831921	0.106199230726961	39	0.106199230726961	0.000824058947700343	NA	NA	NA	0	0.25
60	Gabpb2	0.150858918128655	58.400648223663	0.062377815292118	216.333333333333	0.062377815292118	0.000103869469744567	NA	NA	NA	0	0.25
61	Gata4	0.63670951536643	216.423540187716	0.511169182924198	9381	0.511169182924198	0	1	0	1	2	0.568354757683215
62	Gata6	0.826777715565509	283.995188897039	0.273278708966213	11181	0.273278708966213	2.36979888401469e-227	1	1	1	3	0.870083286674132
63	Gli3	0.91843582804529	255.134208104221	0.558632457308762	14015.3333333333	0.558632457308762	0	1	1	1	3	0.938826871033968
64	Glipr2	0.577281246111733	171.91172827563	0.121560399127079	3321.33333333333	0.121560399127079	1.04792869140508e-166	0	0	1	1	0.394320311527933
65	Glis3	0.912002690680602	175.899414539895	0.708714999712984	3925.33333333333	0.708714999712984	0	1	1	1	3	0.934002018010452
66	Gtf2i	0.322953605200946	75.0018565445365	0.122923838714644	378	0.122923838714644	0.00253424417085443	1	0	0	1	0.330738401300236
67	Hand2	0.969661798556675	397.18320397376	0.686322562011587	26673	0.686322562011587	0	1	1	1	3	0.977246348917507
68	Hdac1	0.287677304964539	99.8954049181469	0.0477773566926727	1052.33333333333	0.0477773566926727	0.00109944606017281	NA	NA	NA	0	0.25
69	Hdac2	0.127659574468085	36.0919819889552	0.0286416948824163	247.666666666667	0.0286416948824163	5.03127162604777e-07	NA	NA	NA	0	0.25
70	Herpud1	0.0260416666666667	25.8049583565216	0.0056931385944582	52.6666666666667	0.0056931385944582	0.0105508336521645	NA	NA	NA	0	0.25
71	Hes1	0.140070921985816	19.0425071564806	0.100721675456267	42.3333333333333	0.100721675456267	2.31052903379699e-208	NA	NA	NA	0	0.25
72	Heyl	0.837730963045913	228.246574696454	0.297733826445908	10116	0.297733826445908	0	1	1	1	3	0.878298222284434
73	Hic1	0.207446808510638	42.5703402510172	0.0561322902379267	377.666666666667	0.0561322902379267	0	NA	NA	NA	0	0.25
74	Hif1a	0	12.7293706549823	0	2.66666666666667	0.018509405627259	0.0314298423843475	NA	NA	NA	0	0.25
75	Hivep1	0.019828216374269	37.8589150046414	0.00962773593182037	77.3333333333333	0.00962773593182037	0.000479351091068809	NA	NA	NA	0	0.25
76	Hivep2	0.589525398158517	85.0238204650214	0.691877949944427	343.666666666667	0.691877949944427	3.38585828012737e-171	1	0	0	1	0.397381349539629
77	Hivep3	0.324763593380615	66.9065206122952	0.167698362199432	292.333333333333	0.167698362199432	2.85781442968959e-139	NA	NA	NA	0	0.25
78	Hltf	0.00531914893617021	20.9227365444659	0	46.3333333333333	0.0225477495501905	0.123992906988846	NA	NA	NA	0	0.25
79	Hlx	0.445589539007092	145.605490756585	0.146892054425986	8063.66666666667	0.146892054425986	8.2768129043457e-76	0	0	1	1	0.361397384751773
80	Hmg20b	0.0208333333333333	25.9931255744658	0	45.6666666666667	0.0027659643018224	0.22564497980536	NA	NA	NA	0	0.25
81	Hmgn3	0.585604081124798	156.719658832609	0.164869978875855	2547.33333333333	0.164869978875855	0	NA	NA	NA	0	0.25
82	Hoxb4	0.22550975177305	56.7594210811514	0.11661302992679	374.333333333333	0.11661302992679	3.86962448048473e-272	NA	NA	NA	0	0.25
83	Id3	0.25886524822695	36.1999509782854	0.139906690110765	203.333333333333	0.139906690110765	5.1121312814965e-36	0	0	1	1	0.314716312056738
84	Ikzf2	0.561226592634067	141.931827357295	0.157807184887474	1441	0.157807184887474	6.42611767719493e-07	NA	NA	NA	0	0.25
85	Irf1	0.230496453900709	45.6260600200968	0.0651302389711977	472.666666666667	0.0651302389711977	2.63605286255783e-75	NA	NA	NA	0	0.25
86	Irf2	0.03125	28.0326260163031	0.00359249757518343	51.3333333333333	0.00359249757518343	4.33181774039803e-05	NA	NA	NA	0	0.25
87	Irf2bp2	0.104609929078014	23.4864078869459	0.051233051467505	62.6666666666667	0.051233051467505	6.2440726739855e-25	NA	NA	NA	0	0.25
88	Irf7	0.132978723404255	47.5864509873598	0	446.666666666667	0.00791791787887677	0.0238272766134088	NA	NA	NA	0	0.25
89	Irf9	0.0904255319148936	34.6178539906799	0	261.333333333333	0.0129993099940186	0.105483073399128	NA	NA	NA	0	0.25
90	Jun	0.202127659574468	31.6828756027167	0.0985926264335083	141	0.0985926264335083	1.78487805075291e-22	NA	NA	NA	0	0.25
91	Junb	0.287234042553191	46.6601606174343	0.120732850557616	437.333333333333	0.120732850557616	1.40513130450332e-60	0	0	1	1	0.321808510638298
92	Jund	0.113475177304965	36.0310169103574	0.00859279616819467	222	0.00859279616819467	5.28293091163487e-08	NA	NA	NA	0	0.25
93	Klf10	0.0673758865248227	31.6450832516206	0	134.333333333333	0.014584451663908	0.204356707500812	NA	NA	NA	0	0.25
94	Klf12	0.563687865497076	110.890936699279	0.356415255691223	2123.33333333333	0.356415255691223	0	1	1	0	2	0.531843932748538
95	Klf2	0.296099290780142	57.9726041253202	0.108174389648411	1218.66666666667	0.108174389648411	0	0	0	1	1	0.324024822695035
96	Klf3	0.0336879432624113	26.8913193761245	0.000623985876749667	108.333333333333	0.000623985876749667	5.98334360055607e-12	NA	NA	NA	0	0.25
97	Klf6	0.280141843971631	54.765358858379	0.0929444119347167	740.333333333333	0.0929444119347167	0	0	0	1	1	0.320035460992908
98	Klf7	0.339354314420804	54.1706186812169	0.248002592429123	495.333333333333	0.248002592429123	3.24035664213009e-17	0	0	1	1	0.334838578605201
99	Klf9	0.294473995271868	73.2252369203233	0.148527097181478	279.666666666667	0.179754465455167	0.114626857724843	1	0	0	1	0.323618498817967
100	Lcor	0.523026315789474	96.0972494069747	0.266605775980594	1342.66666666667	0.266605775980594	4.33548827031177e-110	1	1	0	2	0.511513157894737
101	Lhx2	0.959775880303596	311.115803759054	0.751692196255108	19330.6666666667	0.751692196255108	0	1	1	1	3	0.969831910227697
102	Maf	0.234042553191489	34.6935330666784	0.127791470604668	227.333333333333	0.127791470604668	0	0	0	1	1	0.308510638297872
103	Max	0.102836879432624	34.0976618461419	0.0107769334817028	188	0.0107769334817028	3.53199478023587e-06	NA	NA	NA	0	0.25
104	Maz	0.0230496453900709	26.2671941796849	0	84.6666666666667	0.0101464988236667	0.328182371918499	NA	NA	NA	0	0.25
105	Mbd1	0.420914598108747	95.0402892455171	0.14602854900294	959	0.14602854900294	3.54925869135273e-48	NA	NA	NA	0	0.25
106	Mbd2	0.273160460992908	60.1832852697614	0.144080617438373	229	0.144080617438373	2.81864085117478e-13	NA	NA	NA	0	0.25
107	Mdfic	0.263223995271868	94.0730294520152	0.0341541421305159	724.333333333333	0.0341541421305159	0.00423627089100233	NA	NA	NA	0	0.25
108	Mdm4	0.154770514495458	44.9943537142415	0.130106395145463	169	0.163128405520674	0.236600356093309	NA	NA	NA	0	0.25
109	Mecp2	0.572702811994525	117.209465846708	0.221522917936209	830	0.221522917936209	5.41122328768062e-10	NA	NA	NA	0	0.25
110	Mef2a	0.276595744680851	56.3026901784604	0.0868097849980697	826	0.0868097849980697	1.93843497707326e-43	0	0	1	1	0.319148936170213
111	Mef2c	0.377105496453901	115.338504650981	0.126205084152831	5028.66666666667	0.126205084152831	0	0	0	1	1	0.344276374113475
112	Mef2d	0.145390070921986	51.2081066560772	0.00316058925760047	567.666666666667	0.00316058925760047	1.29178069084943e-11	NA	NA	NA	0	0.25
113	Meis1	0.387743794326241	68.7942623073212	0.212204770078348	353	0.212204770078348	2.47965338370646e-46	NA	NA	NA	0	0.25
114	Meis2	0.475546690307329	80.8480322797386	0.229883735758783	547.666666666667	0.229883735758783	3.68067503285387e-124	0	0	1	1	0.368886672576832
115	Mga	0.130171394799054	18.2099451967554	0.098018617382588	28.6666666666667	0.098018617382588	1.7191759985414e-06	NA	NA	NA	0	0.25
116	Mlxip	0.227393617021277	75.8115760788993	0.0478280603140491	359.333333333333	0.0478280603140491	1.21163653093232e-06	NA	NA	NA	0	0.25
117	Mlxipl	0.460800438596491	81.3286140222405	0.22652979532903	455.666666666667	0.22652979532903	0	0	1	0	1	0.365200109649123
118	Myef2	0.426647847455518	126.51598075063	0.100991098461889	898	0.122182973056973	0.165377636586419	NA	NA	NA	0	0.25
119	Nab1	0.0347222222222222	29.1808647759288	0	72.6666666666667	0.00616309536798763	0.100772552501107	NA	NA	NA	0	0.25
120	Nf1	0.894155546223715	323.425471606143	0.514597048504954	18249.6666666667	0.514597048504954	5.00638222440523e-47	1	1	1	3	0.920616659667786
121	Nfat5	0.877659574468085	154.255300710637	0.708789713208607	2277	0.708789713208607	1.85823442145583e-180	1	1	1	3	0.908244680851064
122	Nfatc3	0.175895467836257	65.3981850725024	0.0570073763761637	346.666666666667	0.0570073763761637	9.32570583077993e-07	NA	NA	NA	0	0.25
123	Nfe2l1	0.0780141843971631	33.2600702493866	0	177	0.0168303641204176	0.193741512539397	NA	NA	NA	0	0.25
124	Nfia	0.907041262286923	210.198480122912	1.37125430747631	8529.66666666667	1.37125430747631	2.55832796282487e-279	1	1	1	3	0.930280946715192
125	Nfib	0.910569864377255	252.471800705437	1.58721341427417	10432.3333333333	1.58721341427417	0	1	1	1	3	0.932927398282941
126	Nfic	0.516807033096927	137.235934357197	0.190133394625223	3196.66666666667	0.190133394625223	1.63739368864394e-28	1	0	0	1	0.379201758274232
127	Nfix	0.269097222222222	121.853013168963	0.087834221684673	6948.66666666667	0.087834221684673	3.6530727649215e-120	1	0	0	1	0.317274305555556
128	Nfkb1	0.232269503546099	37.6931214675167	0.0938178074586593	229.666666666667	0.0938178074586593	7.30546535091113e-57	NA	NA	NA	0	0.25
129	Nfkbia	0.210992907801418	47.2955572568354	0.047953886305313	420.666666666667	0.047953886305313	5.6195554841324e-10	NA	NA	NA	0	0.25
130	Nfkbiz	0.200354609929078	45.6904947744347	0.0403246635566473	389.333333333333	0.0403246635566473	2.34292530385541e-07	NA	NA	NA	0	0.25
131	Nfyc	0.273209064327485	65.114338432533	0.128262276646643	303	0.128262276646643	6.27775817305687e-48	NA	NA	NA	0	0.25
132	Nmi	0.294658687943262	114.908056752873	0.0218223336722012	1450.66666666667	0.0430985208794718	0.173205998508873	NA	NA	NA	0	0.25
133	Npas2	0.636139884285181	164.380073719032	0.211558213415604	4429.33333333333	0.211558213415604	9.30964635180507e-44	1	1	0	2	0.568069942142591
134	Npas3	0.793037280701754	172.937229963382	0.412874456242658	6463.66666666667	0.412874456242658	0	1	1	1	3	0.844777960526316
135	Nr1d2	0.364126461988304	91.2072970577221	0.121187218601386	1294.66666666667	0.121187218601386	0.0003449609852013	0	1	0	1	0.341031615497076
136	Nr1h2	0.0957446808510638	35.4323115204478	0	222	0.0085301000753996	0.293845696940305	NA	NA	NA	0	0.25
137	Nr1h4	0.890729983202687	305.972056074751	1.81357260327192	17997.3333333333	1.81357260327192	0	1	1	0	2	0.695364991601344
138	Nr1h5	0.992981678486998	391.840162424478	1.414793456583	21637.3333333333	1.414793456583	0	1	1	1	3	0.994736258865248
139	Nr2c2	0.340641330720418	95.5800909477228	0.133590576518783	400.666666666667	0.174131151651211	0.0520275389198615	NA	NA	NA	0	0.25
140	Nr2f1	0.398677600472813	105.728155974604	0.0998249030574387	1070.66666666667	0.0998249030574387	0	NA	NA	NA	0	0.25
141	Nr2f2	0.598071808510638	103.512400935152	0.71161317693133	1094.33333333333	0.71161317693133	0	1	0	1	2	0.549035904255319
142	Nr3c1	0.47052304964539	84.3750155060403	0.195367940988002	479	0.195367940988002	1.96029910872792e-50	0	0	1	1	0.367630762411348
143	Nr3c2	0.566794590643275	110.25419490344	0.364969083423921	2288.33333333333	0.364969083423921	0	1	1	0	2	0.533397295321637
144	Nr6a1	0.217196637426901	35.7716047910866	0.165971635548835	127	0.165971635548835	3.4542710031214e-197	NA	NA	NA	0	0.25
145	Nrf1	0.430569164489237	101.553808048268	0.188937655285749	497.666666666667	0.188937655285749	8.14326227883235e-08	NA	NA	NA	0	0.25
146	Patz1	0.386355683090705	107.793164586254	0.1196886423722	641.666666666667	0.1196886423722	2.28168654725077e-07	NA	NA	NA	0	0.25
147	Pbx1	0.675860473435361	83.4386010917487	1.52777333205077	380	1.52777333205077	0	1	1	0	2	0.587930236717681
148	Pbx3	0.471314311932313	81.3403689337206	0.272463305437145	428.666666666667	0.272463305437145	7.199464361688e-18	NA	NA	NA	0	0.25
149	Pbxip1	0.265698877068558	60.5610344618288	0.134274705905891	258.666666666667	0.134274705905891	0	NA	NA	NA	0	0.25
150	Phf21a	0.663898220729128	95.8561803890522	0.630650366991699	444.333333333333	0.630650366991699	3.48938477175553e-115	1	0	0	1	0.415974555182282
151	Pias1	0.502484602463606	130.631955456521	0.166391334140663	1349	0.166391334140663	0.00131299055321771	0	0	1	1	0.375621150615901
152	Pias2	0.339912280701754	94.8812850995498	0.146414331712182	1411.33333333333	0.146414331712182	1.50725924317968e-09	1	0	0	1	0.334978070175439
153	Pknox2	0.63741717991788	150.629564317583	0.176699489294657	1425.66666666667	0.176699489294657	8.7807010739859e-152	NA	NA	NA	0	0.25
154	Polr2a	0.0691489361702128	32.4935898200103	0	177.666666666667	0.0260734877576918	0.333333333333333	NA	NA	NA	0	0.25
155	Pou2f1	0.49315859462486	129.472827189211	0.155182832516246	1015.66666666667	0.193968001030015	0.161494791807363	NA	NA	NA	0	0.25
156	Ppara	0.602065058479532	146.781164879528	0.364847283854909	3768.66666666667	0.364847283854909	0	1	1	0	2	0.551032529239766
157	Ppard	0.528922872340425	135.752908543406	0.160635962156086	1254.33333333333	0.187226354943056	0.148788619828827	1	0	0	1	0.382230718085106
158	Prdm5	0.762500777653353	153.054930185468	0.280722070668201	3951	0.280722070668201	0	1	1	1	3	0.821875583240015
159	Pten	0.222480791962175	86.3082406096146	0.0885312340625303	379.666666666667	0.122472803717682	0.252197575606137	NA	NA	NA	0	0.25
160	Pura	0.421838061465721	130.783211188205	0.0815263977081232	2515.66666666667	0.0815263977081232	1.27911187601814e-09	0	0	1	1	0.35545951536643
161	Rab11fip3	0.16100535025507	85.9757989606352	0.0570954518688559	321.666666666667	0.0570954518688559	3.54092616262804e-11	NA	NA	NA	0	0.25
162	Rad21	0.0301418439716312	18.9619882397723	0.026613897599295	34.3333333333333	0.026613897599295	0.000247777433821024	NA	NA	NA	0	0.25
163	Rara	0.119385342789598	65.9702284976995	0	251	0.0187373798824395	0.282979469601612	NA	NA	NA	0	0.25
164	Rarb	0.799678440338435	150.367633595227	0.669606604121757	2073	0.669606604121757	2.29933899087602e-76	1	0	1	2	0.649839220169217
165	Rarg	0.453014184397163	97.5847666112332	0.146360362761405	774.333333333333	0.146360362761405	0	0	0	1	1	0.363253546099291
166	Rbfox2	0.469572368421053	83.1205507134189	0.40271268641763	621.333333333333	0.40271268641763	1.60236686089255e-90	1	0	0	1	0.367393092105263
167	Rbpj	0.662255428020406	188.020098256994	0.152668457567414	3499	0.152668457567414	0.00476850781468393	1	0	0	1	0.415563857005101
168	Rela	0.156028368794326	40.3585817246474	0.0350239321292307	275	0.0350239321292307	1.1541681178445e-13	NA	NA	NA	0	0.25
169	Rest	0.147163120567376	54.5236455132824	0	958.333333333333	0.00821488642197157	0.0178795621040288	NA	NA	NA	0	0.25
170	Rfx3	0.477469438223218	94.8743801530969	0.272362064820474	465.333333333333	0.272362064820474	0.0136979491547703	1	0	0	1	0.369367359555804
171	Rfx7	0.164656432748538	39.3207507470646	0.126262818688832	71.6666666666667	0.126262818688832	1.29362520846242e-08	NA	NA	NA	0	0.25
172	Rora	0.770378406121687	130.037252323286	1.41904364449664	1767.33333333333	1.41904364449664	0	1	1	0	2	0.635189203060843
173	Rreb1	0.182291666666667	52.5658448385156	0.095595587948638	182.333333333333	0.146121673986227	0.18175313563805	NA	NA	NA	0	0.25
174	Rxra	0.10233918128655	35.4737067066763	0	252.333333333333	0.0179473893677792	0.138854909811587	NA	NA	NA	0	0.25
175	Scand1	0.115248226950355	33.7229967321312	0.0193526854853711	195	0.0193526854853711	0.000235053025630318	NA	NA	NA	0	0.25
176	Setdb1	0.0332602339181287	38.5436468308166	0.0156960563740453	67.3333333333333	0.0156960563740453	0.000769824007956794	NA	NA	NA	0	0.25
177	Slc20a1	0	11.3031072329602	0	14.3333333333333	0.0122653585780258	0.31810029601534	NA	NA	NA	0	0.25
178	Slc20a2	0.193347953216374	55.803101137608	0.0980511754084213	208.666666666667	0.0980511754084213	6.9313961279236e-45	NA	NA	NA	0	0.25
179	Smad1	0.118794326241135	28.1530318108213	0.043610089964429	109	0.043610089964429	5.32016555538863e-05	NA	NA	NA	0	0.25
180	Smad2	0.0813444848824188	68.2443962603376	0.0163946753696411	176.333333333333	0.0163946753696411	4.32722251300887e-06	NA	NA	NA	0	0.25
181	Smad3	0.370783174692049	96.4482781900397	0.176476410675755	393	0.176476410675755	1.81436946478168e-10	NA	NA	NA	0	0.25
182	Smad4	0.160054669030733	68.0244385467115	0.0491987058049593	290.333333333333	0.0736826830891658	0.039567415714234	NA	NA	NA	0	0.25
183	Smad5	0.404115341545353	97.8023108146283	0.176551929588166	393.333333333333	0.176551929588166	6.02994639812063e-07	NA	NA	NA	0	0.25
184	Smad6	0.515218676122931	140.61593068523	0.218112297058926	7894	0.218112297058926	2.91798263434672e-211	0	0	1	1	0.378804669030733
185	Smad7	0.393395390070922	115.180455567154	0.152744670682419	5944	0.152744670682419	8.8654352175258e-34	0	0	1	1	0.34834884751773
186	Smarca5	0.0709219858156028	31.567543509813	0.0033985203837564	167	0.0033985203837564	4.60830050501523e-10	NA	NA	NA	0	0.25
187	Smarcb1	0.219687072290656	84.2740719005198	0.074179682169509	310.666666666667	0.074179682169509	4.40624652354687e-05	NA	NA	NA	0	0.25
188	Smarcc1	0.0233918128654971	25.5129483726634	0	114.333333333333	0.0177128867845485	0.270523298101483	NA	NA	NA	0	0.25
189	Smarcc2	0.0511968085106383	49.0019351130074	0.00905552696160393	117.666666666667	0.00905552696160393	0.00180760383294207	NA	NA	NA	0	0.25
190	Smc3	0.12714243498818	78.0687861159551	0.0086299465005324	654.666666666667	0.019720837939479	0.0373979450511831	NA	NA	NA	0	0.25
191	Snai1	0.429954818340177	140.416209739852	0.0794788202365499	1469.33333333333	0.0794788202365499	0.0070862690426446	NA	NA	NA	0	0.25
192	Snai2	0.371897163120567	115.39472953421	0.0927820086603376	847	0.0927820086603376	2.19318697734951e-21	NA	NA	NA	0	0.25
193	Sox4	0.486554373522459	108.848517752466	0.161476543944933	1367.33333333333	0.161476543944933	0	0	0	1	1	0.371638593380615
194	Sox5	0.811743732113973	113.860700155274	2.34372281250681	698	2.34372281250681	0	1	0	1	2	0.655871866056986
195	Sox6	0.496162280701754	99.429064100773	0.560453160175216	1575.33333333333	0.560453160175216	0	1	0	0	1	0.374040570175439
196	Sp1	0.161347517730496	39.7311033507124	0.037929565897466	265.333333333333	0.037929565897466	3.6303745513345e-08	NA	NA	NA	0	0.25
197	Sp100	0.397421690307329	129.150621488188	0.274844952433068	6406.33333333333	0.298313375243968	0.0309416748200011	0	0	1	1	0.349355422576832
198	Sp3	0.423782194848824	108.806897423327	0.117833765539779	634.666666666667	0.149588933185284	0.333333333471177	NA	NA	NA	0	0.25
199	Sp4	0.364493903197711	108.569473404727	0.0924248969162867	550.333333333333	0.0924248969162867	0.000346654919851878	NA	NA	NA	0	0.25
200	Srebf1	0.0867141812865497	51.6731000156755	0.0286171523268221	141.333333333333	0.0495034045160047	0.289678569618099	NA	NA	NA	0	0.25
201	Stat1	0.225177304964539	35.6488995523385	0.101276815556189	227.666666666667	0.101276815556189	1.92303201684561e-107	NA	NA	NA	0	0.25
202	Stat2	0.126543641906184	75.3057806458512	0.049605271058964	218	0.071171305187877	0.311039781606767	NA	NA	NA	0	0.25
203	Stat3	0.0407062647754137	45.9692329715447	0.00823925006525057	95.3333333333333	0.0354291618502026	0.0229314401640788	NA	NA	NA	0	0.25
204	Stat5b	0.0920138888888889	28.4092987713372	0.0598148523654423	66.6666666666667	0.0598148523654423	3.22694270785967e-23	NA	NA	NA	0	0.25
205	Stat6	0.214539007092199	48.8264258119196	0.0469011481349577	601	0.0469011481349577	5.82086372695453e-29	NA	NA	NA	0	0.25
206	Taf1	0.0798611111111111	31.905368148878	0.0402670868119393	92	0.0402670868119393	2.7276634946584e-25	NA	NA	NA	0	0.25
207	Tbx2	0.391659278959811	76.1485889767686	0.17508216934389	536	0.17508216934389	0	NA	NA	NA	0	0.25
208	Tbx20	0.967470760233918	316.38511528184	0.797550873891975	20233	0.797550873891975	0	1	1	1	3	0.975603070175438
209	Tcf12	0.701711615030484	109.016171450903	0.63413700440222	614	0.63413700440222	2.29226326338248e-74	1	0	0	1	0.425427903757621
210	Tcf20	0.17891081871345	26.9193794224391	0.128362713671342	125	0.128362713671342	7.56849534682975e-22	NA	NA	NA	0	0.25
211	Tcf21	0.952172374642279	383.817200895747	0.619298252068613	24839.6666666667	0.619298252068613	0	1	1	1	3	0.964129280981709
212	Tcf4	0.540669326241135	74.4333272846077	0.92034440978018	396	0.92034440978018	0	1	0	1	2	0.520334663120567
213	Tcf7l1	0.445921985815603	91.1279365042022	0.283495398451539	752.666666666667	0.283495398451539	1.83893193451948e-127	1	0	0	1	0.361480496453901
214	Tcf7l2	0.281075027995521	51.3492937652999	0.232569952532699	197.333333333333	0.232569952532699	1.07753989778732e-05	0	1	0	1	0.32026875699888
215	Tead1	0.971872278213264	378.792773255157	0.908272671777701	20584	0.908272671777701	0	1	1	1	3	0.978904208659948
216	Tef	0.282255116959064	57.3838958143707	0.157575206054449	315.333333333333	0.157575206054449	1.04172420262875e-14	NA	NA	NA	0	0.25
217	Tfcp2	0.326983793704118	101.680775314655	0.104252762893162	539	0.134455636365772	0.255846242191196	NA	NA	NA	0	0.25
218	Tfdp2	0.755571886275974	153.971277595805	0.353701976287024	1915.66666666667	0.353701976287024	4.4114005001952e-34	1	0	1	2	0.627785943137987
219	Thap2	0.158722937663307	93.003102986701	0.0405379058390412	459	0.0405379058390412	0.00104333888188301	NA	NA	NA	0	0.25
220	Thap3	0.234305011198208	95.1367339416072	0.0698687694002053	468.333333333333	0.0698687694002053	1.13912799822716e-05	NA	NA	NA	0	0.25
221	Thra	0.503619976359338	92.4047097453794	0.214518474158421	583.666666666667	0.214518474158421	0	1	0	1	2	0.501809988179669
222	Thrb	0.519736842105263	89.0147700396833	0.300494966293322	797	0.300494966293322	3.28637513499825e-53	1	1	0	2	0.509868421052632
223	Tprgl	0.129432624113475	32.6213604884038	0.0397643358114673	220	0.0397643358114673	6.90416285228947e-38	NA	NA	NA	0	0.25
224	Trp53	0.0868794326241135	33.6848554706338	0	237	0.00772730341472623	0.0438121934634513	NA	NA	NA	0	0.25
225	Trps1	0.278368794326241	64.9440056780897	0.0771596305215733	1002	0.0771596305215733	0	0	0	1	1	0.31959219858156
226	Ubp1	0.118146929824561	55.1862183536071	0.0405270690790279	200.666666666667	0.0405270690790279	1.4711245358122e-06	NA	NA	NA	0	0.25
227	Vezf1	0.453235815602837	83.1722235485789	0.18303205722812	418.666666666667	0.18303205722812	9.09349469210427e-126	0	0	1	1	0.363308953900709
228	Vtn	0.279970760233918	77.9845949196018	0.0718283904468557	532	0.0781594362072117	0.117634030232074	NA	NA	NA	0	0.25
229	Ybx3	0.149416371158392	52.275871242732	0.0765484861087	128	0.0765484861087	7.77659689668791e-17	NA	NA	NA	0	0.25
230	Zbtb16	0.410179093567251	58.6411362718121	0.381868914896116	275.333333333333	0.381868914896116	0	NA	NA	NA	0	0.25
231	Zbtb4	0.23936170212766	41.4363699452692	0.0871693949965583	362.666666666667	0.0871693949965583	0	0	0	1	1	0.309840425531915
232	Zbtb7a	0.163120567375887	45.1159565039474	0.0287662330437308	459	0.0287662330437308	0.0073208264162071	NA	NA	NA	0	0.25
233	Zbtb7c	0.434210526315789	107.437328644445	0.139643159294516	2647.33333333333	0.139643159294516	0	0	1	0	1	0.358552631578947
234	Zeb1	0.277777777777778	60.567175464393	0.184468870774518	652.666666666667	0.184468870774518	0	1	0	0	1	0.319444444444444
235	Zeb2	0.847018088216996	118.355704068109	1.99200160390727	996	1.99200160390727	0	1	1	1	3	0.885263566162747
236	Zfhx3	0.543169481771805	84.5261120402267	0.476762784054581	332	0.476762784054581	7.48417824343493e-88	NA	NA	NA	0	0.25
237	Zfp148	0.455106071917382	139.431441615284	0.105047642120715	1374.33333333333	0.153213899987738	0.579177028463861	1	0	0	1	0.363776517979346
238	Zfp260	0.14878841607565	57.767106879272	0.0712262228020959	185	0.0712262228020959	1.39718071649329e-06	NA	NA	NA	0	0.25
239	Zfp322a	0.0520833333333333	30.0307494353839	0.0171147908598344	86	0.0171147908598344	0.000101516024731687	NA	NA	NA	0	0.25
240	Zfp329	0.129358747044917	60.0581891328587	0.0586949702349246	193.333333333333	0.0586949702349246	0.0039879893770846	NA	NA	NA	0	0.25
241	Zfp397	0.0510121158392435	48.7740001012339	0.0175818233373662	127.333333333333	0.0175818233373662	0.000516262185943468	NA	NA	NA	0	0.25
242	Zfp652	0.247783687943262	79.5410630941469	0.0604995645213527	407	0.0861462806290515	0.205071646032081	NA	NA	NA	0	0.25
243	Zfp809	0.320175438596491	81.483700650181	0.0978062814249653	685.333333333333	0.0978062814249653	1.84368281046026e-56	NA	NA	NA	0	0.25
244	Zfx	0.0451388888888889	30.7227972035742	0	69.6666666666667	0.0162526848143204	0.118434024597154	NA	NA	NA	0	0.25
245	Zkscan3	0.0277777777777778	11.3136002589286	0.0360042864816387	14.3333333333333	0.0360042864816387	5.87445898677597e-08	NA	NA	NA	0	0.25
246	Zscan26	0.0364583333333333	13.2290969690293	0.039359150914773	23.3333333333333	0.039359150914773	1.63705261000215e-26	NA	NA	NA	0	0.25
