	factor	influence_score	target_score	G_score	direct_targets	factor_fc	padj	KC2Hep	HSC2Hep	LSEC2Hep	TotalSpec	Newinfluence
1	Ahctf1	0.376440728811418	99.8333899147486	0.0791577731768227	815	0.0791577731768227	1.61381480120401e-24	NA	NA	NA	0	0.25
2	Ahr	0.403940886699507	54.3292465246362	0.146357082375938	468	0.146357082375938	2.68524303040729e-125	NA	NA	NA	0	0.25
3	Alb	0.59271978021978	25.2303307774923	2.33707468172926	65.3333333333333	2.33707468172926	0	1	0	0	1	0.398179945054945
4	Ar	0.680705549240032	237.712518684224	0.0936559578879529	10969.3333333333	0.0936559578879529	1.48336381771697e-82	0	1	0	1	0.420176387310008
5	Arhgef12	0.141369047619048	0	0.156298134494393	1.33333333333333	0.156298134494393	0	NA	NA	NA	0	0.25
6	Arid2	0.203983516483516	13.1608105029651	0.137433714095693	11.3333333333333	0.137433714095693	4.32549562021593e-116	NA	NA	NA	0	0.25
7	Arid5b	0.973403751420993	334.926922560708	0.806910579721206	15895.3333333333	0.806910579721206	8.6558682153022e-92	1	1	1	3	0.980052813565745
8	Arnt	0.452469106563934	98.4441010943075	0.165833906666004	1300.66666666667	0.165833906666004	1.33487758768239e-11	NA	NA	NA	0	0.25
9	Arntl	0.15625	41.5676187188419	0.0317467761850459	232	0.0317467761850459	1.8647977372757e-185	NA	NA	NA	0	0.25
10	Atf1	0.513132341796135	77.7310303343574	0.138904176538015	479.333333333333	0.138904176538015	8.5007471815923e-104	NA	NA	NA	0	0.25
11	Atf2	0.197229853479853	25.3014182609441	0.0920984791826682	81.3333333333333	0.0920984791826682	5.35557495223297e-45	NA	NA	NA	0	0.25
12	Atf4	0.285834017515052	59.075970163469	0.0558626491244037	1182	0.0558626491244037	6.29744286090977e-37	0	1	0	1	0.321458504378763
13	Atf5	0.963735737442634	315.927050813529	0.690921524022209	14260.3333333333	0.690921524022209	0	1	1	1	3	0.972801803081976
14	Atf6	0.449585017472948	32.8852409730873	0.308803198654741	52.3333333333333	0.308803198654741	3.88969243608647e-87	NA	NA	NA	0	0.25
15	Atoh8	0.361253210391141	109.734673267168	0.062810265407993	1047.33333333333	0.062810265407993	1.48046129099575e-27	NA	NA	NA	0	0.25
16	Bach1	0.201149425287356	18.7267312991237	0.051819302674024	104.333333333333	0.051819302674024	8.07548273655807e-130	NA	NA	NA	0	0.25
17	Bach2	0.603582480737653	77.2349412796078	0.384632202037545	342	0.384632202037545	2.11453665153713e-31	1	0	0	1	0.400895620184413
18	Bbx	0.00148809523809524	0	0.0027596404250064	1.33333333333333	0.0027596404250064	1.6886229086501e-17	NA	NA	NA	0	0.25
19	Bcl3	0.152401477832512	16.4520328316728	0.0344908989040297	119.666666666667	0.0344908989040297	1.32246511081445e-51	NA	NA	NA	0	0.25
20	Bcl6	0.761835027998821	119.607009832028	0.41931667114253	1195.33333333333	0.41931667114253	3.54083357368813e-237	1	1	1	3	0.821376270999116
21	Bdp1	0.105654761904762	22.9836306660271	0.0332352414781006	47.3333333333333	0.0332352414781006	3.3991619661402e-274	NA	NA	NA	0	0.25
22	Bhlhe40	0.298029556650246	28.5318684542762	0.141467745914703	33	0.141467745914703	5.82070300108333e-145	NA	NA	NA	0	0.25
23	Bptf	0.0178571428571429	12.8378458112624	0.00363895824787937	11	0.00363895824787937	1.35818050901104e-18	NA	NA	NA	0	0.25
24	Brf1	0.147130647130647	59.2298810152727	0.0259263645235173	315.666666666667	0.0259263645235173	6.85119481129283e-108	NA	NA	NA	0	0.25
25	Cbx1	0.14176245210728	45.0862563596063	0.00603575317555593	1203.33333333333	0.00603575317555593	5.9434769720303e-18	NA	NA	NA	0	0.25
26	Cbx3	0.0938697318007663	37.4774226759236	2.49176185685799e-05	792.333333333333	2.49176185685799e-05	2.72032176702918e-07	NA	NA	NA	0	0.25
27	Cbx5	0.28125	110.532652974251	0.0602880380354957	3267	0.0602880380354957	0	1	0	0	1	0.3203125
28	Ccdc6	0.0163690476190476	13.4148008677314	0.00262526011662833	12.3333333333333	0.00262526011662833	4.12903716846097e-45	NA	NA	NA	0	0.25
29	Cebpa	0.831532093385542	401.859026111634	0.33372042158349	20712.3333333333	0.33372042158349	1.26404751598915e-54	0	1	1	2	0.665766046692771
30	Cebpb	0.50419982316534	86.1400146640237	0.236876953375072	1502	0.236876953375072	8.77730231821223e-119	0	1	1	2	0.50209991158267
31	Cebpg	0.237547892720306	35.4554974052002	0.0468851684092433	839.666666666667	0.0468851684092433	8.8602693897926e-110	0	1	0	1	0.309386973180077
32	Cebpz	0.151340996168582	15.8895319639108	0.0341779774565933	129.666666666667	0.0341779774565933	1.04712736351515e-22	NA	NA	NA	0	0.25
33	Cenpb	0.00957854406130268	9.41131469598646	0.00736113875262773	2.66666666666667	0.00736113875262773	0.00813670604906623	NA	NA	NA	0	0.25
34	Chd1	0.17290982484948	36.0687999259475	0.0451561301488844	89.6666666666667	0.0451561301488844	6.13845165728967e-37	NA	NA	NA	0	0.25
35	Chd2	0.44757326007326	87.0991108968827	0.194975468591603	838.333333333333	0.194975468591603	5.06398609128563e-232	NA	NA	NA	0	0.25
36	Clock	0.0610119047619048	0.337655982288305	0.0348688898884207	8.33333333333333	0.0348688898884207	2.15413317315319e-222	NA	NA	NA	0	0.25
37	Cpeb1	0.533547271693823	151.627271335089	0.0855926428518636	2411.66666666667	0.0855926428518636	1.09117714308275e-48	NA	NA	NA	0	0.25
38	Creb3l2	0.278273809523809	91.6442060714729	0.0680875728340803	1322.66666666667	0.0680875728340803	0	1	0	0	1	0.319568452380952
39	Creb3l3	0.947411424782114	285.720857646762	0.653417935531339	8107	0.653417935531339	0	1	1	1	3	0.960558568586586
40	Crebbp	0.110119047619048	0	0.099795572476921	0.333333333333333	0.099795572476921	0	NA	NA	NA	0	0.25
41	Crebzf	0.0922619047619048	37.9074585920083	0.00415671411909427	214	0.00415671411909427	3.8630351155466e-75	NA	NA	NA	0	0.25
42	Crem	0.690670919119195	112.161280877138	0.260017223662205	1107.66666666667	0.260017223662205	5.04074862485753e-210	1	1	0	2	0.595335459559597
43	Crtc1	0.0509412761567934	17.2259655955282	0.0368633016032405	22.6666666666667	0.0368633016032405	4.94591947818563e-47	NA	NA	NA	0	0.25
44	Crtc3	0.09375	0.0788791801479163	0.0545173704998673	2.66666666666667	0.0545173704998673	0	NA	NA	NA	0	0.25
45	Cux1	0.666895604395604	303.098040895433	0.106808886640459	11000	0.106808886640459	0.000184090547870628	1	0	0	1	0.416723901098901
46	Cux2	0.734376973601112	421.891923768417	0.0809780214929045	21865.3333333333	0.0809780214929045	2.65033232240469e-60	1	1	0	2	0.617188486800556
47	Cxxc1	0.00744047619047619	0.203720170887812	0.00689140109996777	4.33333333333333	0.00689140109996777	1.19252663253908e-62	NA	NA	NA	0	0.25
48	Dbp	0.286486621615932	74.5020023592182	0.0471848034500041	404.333333333333	0.0471848034500041	1.85480475600965e-59	NA	NA	NA	0	0.25
49	E2f3	0.418229758747	92.4823746564373	0.0781055087261146	531.666666666667	0.0781055087261146	3.3653361607765e-85	NA	NA	NA	0	0.25
50	Ebna1bp2	0.0517241379310345	14.3534999074602	0.006778928317893	78.3333333333333	0.006778928317893	2.29717570426879e-05	NA	NA	NA	0	0.25
51	Elk4	0.12797619047619	35.0228204130218	0.026937897300784	121.333333333333	0.026937897300784	9.36842473726077e-221	NA	NA	NA	0	0.25
52	Eno1	0.634616700349459	45.5571458364908	0.621890129185414	273	0.621890129185414	0	0	0	1	1	0.408654175087365
53	Epas1	0.254464285714286	44.9948721450235	0.128466413395467	492.333333333333	0.128466413395467	0	1	0	0	1	0.313616071428571
54	Esr1	0.559142246642247	113.283050690939	0.599356546665922	1608.66666666667	0.599356546665922	0	1	0	1	2	0.529571123321123
55	Esrra	0.480604764009936	88.6203868325307	0.116132791470824	827	0.116132791470824	1.49204065295408e-159	0	1	0	1	0.370151191002484
56	Esrrg	0.867822670624395	241.026634072163	0.377635234558295	6876	0.377635234558295	5.1504937491233e-181	1	1	1	3	0.900867002968296
57	Etv6	0.407318376068376	52.9834071250733	0.30299295070292	208	0.30299295070292	0	NA	NA	NA	0	0.25
58	Ewsr1	0.0689655172413793	11.0597358590561	0.0208717525994572	8	0.0208717525994572	3.25433057370902e-32	NA	NA	NA	0	0.25
59	Ezh2	0.156173687423687	48.2551356734519	0.0295296787994533	215	0.0295296787994533	2.66696531958447e-156	NA	NA	NA	0	0.25
60	Foxa2	0.715448823207444	161.182906572302	0.185049870289904	3206.66666666667	0.185049870289904	6.80500320298053e-182	0	1	1	2	0.607724411603722
61	Foxa3	0.887953401962023	215.970458505313	0.43138206339345	6253.66666666667	0.43138206339345	0	1	1	1	3	0.915965051471517
62	Foxj3	0.0950091575091575	13.5873345699318	0.0426670117477659	67.6666666666667	0.0426670117477659	1.94710577658649e-36	NA	NA	NA	0	0.25
63	Foxk1	0.218338175234727	46.9417363197272	0.0520942217090437	284.666666666667	0.0520942217090437	2.21415604209555e-40	NA	NA	NA	0	0.25
64	Foxk2	0.520620184413288	134.994190840837	0.100414537120738	1802.66666666667	0.100414537120738	2.18184675725701e-45	NA	NA	NA	0	0.25
65	Foxn2	0.250388141551935	51.3617367749011	0.0689667990123274	210.666666666667	0.0689667990123274	3.40935573079007e-59	NA	NA	NA	0	0.25
66	Foxn3	0.104166666666667	0.150646274652152	0.075277162364117	4.33333333333333	0.075277162364117	7.901679673912e-179	NA	NA	NA	0	0.25
67	Foxo1	0.306752873563218	10.9359481875831	0.293509887996963	100	0.30490306279263	0.0199121818762283	NA	NA	NA	0	0.25
68	Foxo3	0.869652856721822	170.565977572177	0.479651565995106	2425	0.479651565995106	4.6103430038747e-96	1	1	1	3	0.902239642541367
69	Foxp1	0.292811355311355	27.3425260477437	0.251295261463172	84.6666666666667	0.251295261463172	7.47896957682633e-07	1	0	0	1	0.323202838827839
70	Foxp2	0.931583143867627	334.889852658173	0.428298641041997	14897.3333333333	0.428298641041997	1.87311744068515e-268	1	1	1	3	0.94868735790072
71	Foxp4	0.644937318428698	187.671713757445	0.10352604638624	4204.33333333333	0.10352604638624	1.74460379080493e-45	NA	NA	NA	0	0.25
72	Foxq1	0.662040545661235	183.7450072613	0.114164423455753	3654.33333333333	0.114164423455753	8.3155762180862e-111	1	0	0	1	0.415510136415309
73	Fubp1	0.0892857142857143	13.3188043075209	0.0362540999914387	9.66666666666667	0.0362540999914387	1.69586213395116e-106	NA	NA	NA	0	0.25
74	Gabpa	0.024904214559387	10.3424261635769	0.00829327002649417	10.6666666666667	0.00829327002649417	7.61478498711793e-27	NA	NA	NA	0	0.25
75	Gabpb1	0.335009578544061	90.2486852819662	0.043394820693287	924.333333333333	0.043394820693287	3.16254250007457e-59	NA	NA	NA	0	0.25
76	Gabpb2	0.412944454970317	79.8531991568249	0.098390717921489	713.333333333333	0.098390717921489	5.28043975154383e-31	NA	NA	NA	0	0.25
77	Gata4	0.282738095238095	140.229156148566	0.0500288529393513	4086.66666666667	0.0500288529393513	0	1	0	0	1	0.320684523809524
78	Gmeb1	0.101266788766789	41.9217514748644	0.015294196567726	154	0.015294196567726	7.50286137103743e-32	NA	NA	NA	0	0.25
79	Gmeb2	0.682896246473833	248.805031525415	0.0977692246440974	6394	0.0977692246440974	6.51547464077253e-82	0	1	0	1	0.420724061618458
80	Gtf2i	0.209821428571429	35.1116152751389	0.0995221212487617	177	0.0995221212487617	0	NA	NA	NA	0	0.25
81	Gzf1	0.158267020335986	12.4047940388299	0.0513437333303474	41.6666666666667	0.0513437333303474	1.62752897929929e-90	NA	NA	NA	0	0.25
82	Hbp1	0.17816091954023	26.3426425322178	0.0277644942871745	180.333333333333	0.0277644942871745	4.28958284560603e-61	NA	NA	NA	0	0.25
83	Herpud1	0.416623247442213	33.6490616378243	0.309280446697786	72.3333333333333	0.309280446697786	1.12627359331282e-55	NA	NA	NA	0	0.25
84	Hinfp	0.103414066776136	28.5610555993532	0.0189127809639645	118.666666666667	0.0189127809639645	2.58897240797257e-41	NA	NA	NA	0	0.25
85	Hivep1	0.450017893983411	106.844580016758	0.0768638981336888	1130.33333333333	0.0768638981336888	1.56004371718085e-46	NA	NA	NA	0	0.25
86	Hivep2	0.436011904761905	90.146848741722	0.149279392831505	867.333333333333	0.149279392831505	1.24568995191959e-171	1	0	0	1	0.359002976190476
87	Hlf	0.916717980295567	308.178571116706	0.395365995795806	10880.3333333333	0.395365995795806	2.64427929412871e-251	1	1	1	3	0.937538485221675
88	Hmbox1	0.0238095238095238	14.9887251958074	0.00166349849309763	29	0.00166349849309763	7.83085476831137e-31	NA	NA	NA	0	0.25
89	Hmg20b	0.101053639846743	11.0723001386176	0.0465128670813689	17.3333333333333	0.0465128670813689	6.4138871035874e-42	NA	NA	NA	0	0.25
90	Hnf1a	0.738170234937476	324.363600111625	0.0920598043340836	11360.6666666667	0.0920598043340836	1.52954978029253e-105	0	1	1	2	0.619085117468738
91	Hnf1b	0.784189349922109	308.441591067049	0.125462828645619	11059	0.125462828645619	6.02159161802847e-136	1	1	1	3	0.838142012441581
92	Hnf4a	0.96055297671677	279.892898893947	0.79973962951416	8372.33333333333	0.79973962951416	0	1	1	1	3	0.970414732537577
93	Hsf1	0.0520833333333333	28.8304902186358	0.00145299230015177	86.3333333333333	0.00145299230015177	1.74648175070512e-38	NA	NA	NA	0	0.25
94	Hsf2	0.356658667003495	30.7861193292167	0.161897835864975	137.666666666667	0.161897835864975	9.87242151844903e-129	NA	NA	NA	0	0.25
95	Id2	0.291187739463601	33.6277567889722	0.200718213042757	331.666666666667	0.200718213042757	0	0	1	0	1	0.3227969348659
96	Irf2	0.475543135025894	56.9962137383081	0.197268601035193	209.333333333333	0.197268601035193	1.37760313386898e-53	NA	NA	NA	0	0.25
97	Irf3	0.0670498084291188	17.081838741161	0.0062003377417654	45	0.0062003377417654	2.88579833916431e-17	NA	NA	NA	0	0.25
98	Irf6	0.224285293250811	43.8257359314237	0.0628574661780749	681.333333333333	0.0628574661780749	4.3890520790475e-101	NA	NA	NA	0	0.25
99	Keap1	0.0383141762452107	12.4771494753187	0.0068728556616061	32	0.0068728556616061	6.43399822535293e-19	NA	NA	NA	0	0.25
100	Klf12	0.783027556734453	169.461771442708	0.806666352289802	4007.33333333333	0.806666352289802	1.12419654933947e-101	1	0	1	2	0.641513778367227
101	Klf13	0.220306513409962	37.4825587294175	0.0287518127766429	384.333333333333	0.0287518127766429	1.00362382700214e-36	NA	NA	NA	0	0.25
102	Klf15	0.789285187992085	160.148071072133	0.282411083139648	1811.33333333333	0.282411083139648	2.36553326927363e-225	1	1	1	3	0.841963890994063
103	Klf9	0.260416666666667	46.981409926822	0.11729972890779	260.333333333333	0.11729972890779	0	1	0	0	1	0.315104166666667
104	Lcor	0.52849748431645	115.16613163228	0.280925929246736	1274	0.280925929246736	4.0090121408587e-13	1	0	1	2	0.514248742158225
105	Mafb	0.0886383731211317	0	0.0484441435647128	1.33333333333333	0.0484441435647128	9.8400332073538e-61	NA	NA	NA	0	0.25
106	Mafg	0.172413793103448	13.5487182121059	0.0556276452995843	77.6666666666667	0.0556276452995843	1.27431495731821e-76	NA	NA	NA	0	0.25
107	Mbd2	0.132440476190476	34.8197763273743	0.0281379811402732	177.666666666667	0.0281379811402732	4.38690900392237e-160	NA	NA	NA	0	0.25
108	Mbd3	0.132183908045977	13.312899245104	0.0303886003190904	70.6666666666667	0.0303886003190904	2.94898708577931e-31	NA	NA	NA	0	0.25
109	Mbtps2	0.0327380952380952	14.1769032614751	0.00892154966370917	17.6666666666667	0.00892154966370917	2.3336947586399e-88	NA	NA	NA	0	0.25
110	Mdfic	0.0535714285714286	21.6195650150792	0.0180328726853842	32	0.0180328726853842	1.29207378237198e-106	NA	NA	NA	0	0.25
111	Mdm2	0.157421003326176	10.6475317286468	0.070371258207945	22.6666666666667	0.070371258207945	8.3355052580987e-57	NA	NA	NA	0	0.25
112	Mdm4	0.0995879120879121	0.575382465154152	0.0640623743950419	9.66666666666667	0.0640623743950419	7.76193947362613e-18	NA	NA	NA	0	0.25
113	Mecp2	0.129273504273504	22.9069813913998	0.0514431027609206	52.6666666666667	0.0514431027609206	0.00464600611222603	NA	NA	NA	0	0.25
114	Meis1	0.0714285714285714	0.519283852619081	0.035002497255467	9.66666666666667	0.035002497255467	0	NA	NA	NA	0	0.25
115	Meis2	0.0580357142857143	0.84993320252992	0.0308815276143463	13	0.0308815276143463	0	NA	NA	NA	0	0.25
116	Mga	0.00446428571428571	0.0551190854395687	0.00351246539099457	3.33333333333333	0.00351246539099457	3.76845593810537e-16	NA	NA	NA	0	0.25
117	Mitf	0.436560565870911	80.7737676941139	0.134556446734629	2158.33333333333	0.134556446734629	1.98612622800727e-111	0	1	0	1	0.359140141467728
118	Mlx	0.447402214643594	136.293320574574	0.0633564465462508	1827.33333333333	0.0633564465462508	1.12410086295284e-15	0	1	0	1	0.361850553660898
119	Mlxipl	0.945479927160962	210.394262448025	1.0263359036252	3445.66666666667	1.0263359036252	3.7118469879318e-298	1	1	1	3	0.959109945370721
120	Mtf1	0.0357484948002189	11.0873897428119	0.0168859621941418	19	0.0168859621941418	1.52819908703546e-34	NA	NA	NA	0	0.25
121	Mxi1	0.324344238137342	86.4046069491778	0.0356081786596463	631.666666666667	0.0356081786596463	1.99283195750479e-52	NA	NA	NA	0	0.25
122	Myef2	0.108630952380952	36.2989524416342	0.0192280345205333	152	0.0192280345205333	9.93950117517977e-286	NA	NA	NA	0	0.25
123	Nab1	0.254002463054187	26.2084780647042	0.100275828515872	41.6666666666667	0.100275828515872	5.14608495843017e-99	NA	NA	NA	0	0.25
124	Nelfe	0.114778061976338	26.1963838119745	0.0321358790714741	104.333333333333	0.0321358790714741	0.0080287743155909	NA	NA	NA	0	0.25
125	Nf1	0.532661782661783	189.925898021402	0.204098393915662	5605.66666666667	0.204098393915662	0	1	0	1	2	0.516330891330891
126	Nfat5	0.208333333333333	35.5091506208152	0.0967267508463637	182	0.0967267508463637	0	NA	NA	NA	0	0.25
127	Nfatc3	0.0639880952380952	0	0.043228083771089	1.66666666666667	0.043228083771089	4.29073029119737e-279	NA	NA	NA	0	0.25
128	Nfe2l2	0.229885057471264	22.2336180789873	0.0697425327208827	153.333333333333	0.0697425327208827	3.14121894934771e-89	NA	NA	NA	0	0.25
129	Nfia	0.503243284493284	133.604967570544	0.505013050155473	3635.33333333333	0.505013050155473	9.43757511582497e-126	1	0	0	1	0.375810821123321
130	Nfib	0.331845238095238	175.431576297977	0.384331168440427	8600	0.384331168440427	0	1	0	0	1	0.33296130952381
131	Nfic	0.233630952380952	66.7092954363192	0.0453116518318297	908.333333333333	0.0453116518318297	0	1	0	0	1	0.308407738095238
132	Nfil3	0.757579944002358	191.559128314269	0.159109184190405	4726	0.159109184190405	1.75373789508647e-136	0	1	1	2	0.628789972001179
133	Nfix	0.375663129973475	129.259643907784	0.141831431105083	2921	0.141831431105083	0.000191044116613633	1	0	0	1	0.343915782493369
134	Nfyb	0.387435002736727	87.3276927651875	0.0648000956257137	1426	0.0648000956257137	6.02772608962747e-75	0	1	0	1	0.346858750684182
135	Nfyc	0.828525641025641	212.601205866451	0.266618176051749	4251.33333333333	0.266618176051749	1.90483664188301e-72	1	1	1	3	0.871394230769231
136	Nmi	0.03125	22.6206942072436	0.000546146464930667	46.3333333333333	0.000546146464930667	1.22825141438423e-17	NA	NA	NA	0	0.25
137	Nr0b2	0.730586343732895	159.187804934539	0.27114256559083	2948	0.27114256559083	7.44463201685867e-256	1	0	0	1	0.432646585933224
138	Nr1d2	0.761519251820976	307.461585267106	0.168137396181424	12628	0.168137396181424	9.9693782862367e-52	1	0	1	2	0.630759625910488
139	Nr1h3	0.577144120247569	186.285740537401	0.245714410300803	8604.66666666667	0.245714410300803	0	0	1	1	2	0.538572060123784
140	Nr1h4	0.662393162393162	294.969129439892	0.933900852197637	13359.6666666667	0.933900852197637	0	1	0	1	2	0.581196581196581
141	Nr1i2	0.871683034398552	208.716660413603	0.486647123574005	4258	0.486647123574005	0	1	1	1	3	0.903762275798914
142	Nr1i3	0.879136667929771	195.75191113547	0.744531388369278	3627.66666666667	0.744531388369278	0	1	1	1	3	0.909352500947328
143	Nr2c1	0.278393541324576	65.9174793129246	0.0620721857227168	261.666666666667	0.0620721857227168	1.3314351983831e-45	NA	NA	NA	0	0.25
144	Nr2c2	0.144612332112332	32.3691577944325	0.0525094262539277	84.3333333333333	0.0525094262539277	0.0119919604539706	NA	NA	NA	0	0.25
145	Nr2c2ap	0.375773651635721	154.373832542778	0.0320701505146513	5878	0.0320701505146513	2.53581333004943e-49	0	1	0	1	0.34394341290893
146	Nr2f2	0.171130952380952	39.7347906367023	0.039105830133238	250	0.039105830133238	0	NA	NA	NA	0	0.25
147	Nr2f6	0.343972359058566	52.3173758723507	0.0969880957518953	289.666666666667	0.0969880957518953	1.41940351334099e-100	NA	NA	NA	0	0.25
148	Nr3c1	0.0461309523809524	18.9550659717075	0.0161937989456892	31	0.0161937989456892	1.32689841565725e-23	NA	NA	NA	0	0.25
149	Nr3c2	0.779646120163362	131.10643418708	0.629813961938139	1757.66666666667	0.629813961938139	2.14145382095421e-46	1	0	1	2	0.639823060081681
150	Nr5a2	0.849310292198223	229.946466336677	0.454137067336962	5401.33333333333	0.454137067336962	0	1	1	0	2	0.674655146099112
151	Nr6a1	0.669049461075323	72.2578689261371	0.549199634265855	422	0.549199634265855	6.22641857630783e-161	0	1	1	2	0.584524730537662
152	Nrbf2	0.536028746158057	135.64770594832	0.0878157599900228	1378.66666666667	0.0878157599900228	5.65628890163567e-65	0	1	0	1	0.384007186539514
153	Nrf1	0.417010073260073	78.4201211762669	0.146060881552143	487.333333333333	0.146060881552143	6.39710166037283e-298	NA	NA	NA	0	0.25
154	Onecut1	0.837175276830449	411.360015478139	0.137015929320373	21725.6666666667	0.137015929320373	3.12641880890049e-148	1	1	1	3	0.877881457622837
155	Onecut2	0.994047619047619	486.878760664479	0.787372969646097	27014.6666666667	0.787372969646097	0	1	1	1	3	0.995535714285714
156	Paxip1	0.410987958401752	203.94021953454	0.0123386672811203	6314.33333333333	0.0123386672811203	3.46516443075925e-25	NA	NA	NA	0	0.25
157	Pbx1	0.272321428571429	52.7828813547949	0.126777228696396	473.333333333333	0.126777228696396	0	1	0	0	1	0.318080357142857
158	Pbx3	0.319139194139194	117.476197290823	0.0487477714050416	1813.33333333333	0.0487477714050416	9.9366002927204e-16	NA	NA	NA	0	0.25
159	Phf21a	0.298534798534799	35.0017845071268	0.172339302859936	103	0.172339302859936	6.7513295222659e-47	NA	NA	NA	0	0.25
160	Pias2	0.238095238095238	46.7025967200761	0.0910247704557651	349.666666666667	0.0910247704557651	1.8958050247824e-20	1	0	0	1	0.30952380952381
161	Polr3a	0.252772251694665	45.5942014132693	0.059064898207721	280.666666666667	0.059064898207721	6.4603920064265e-58	NA	NA	NA	0	0.25
162	Polr3g	0.36429518757105	79.4274089258533	0.0787078127624282	702	0.0787078127624282	4.96286914610563e-90	NA	NA	NA	0	0.25
163	Pou2f1	0.192384004884005	24.658353248558	0.0776124954887064	56	0.0776124954887064	6.00282959110027e-111	NA	NA	NA	0	0.25
164	Ppara	0.936973706370258	258.767675132358	1.2797939687659	7995.66666666667	1.2797939687659	1.79270187519434e-283	1	1	1	3	0.952730279777694
165	Ppard	0.456349206349206	120.781960837893	0.107455176582146	1379	0.107455176582146	0	1	0	0	1	0.364087301587302
166	Pparg	0.654621121215949	181.199164918408	0.109704754839241	2911.33333333333	0.109704754839241	8.5288465355789e-118	0	1	0	1	0.413655280303987
167	Ppargc1a	0.59458680687129	116.057311158494	0.136157132981971	1109.66666666667	0.136157132981971	2.39680667658196e-127	NA	NA	NA	0	0.25
168	Prdm10	0.160009052250432	0.00812288572234307	0.100902803787151	42	0.100902803787151	2.67574633825897e-62	NA	NA	NA	0	0.25
169	Prox1	0.178571428571429	1.14424047926523	0.297118732578603	14.3333333333333	0.297118732578603	0	NA	NA	NA	0	0.25
170	Pten	0.229052197802198	55.4610205234914	0.0754015135346507	247.333333333333	0.0754015135346507	0.00349038424062723	NA	NA	NA	0	0.25
171	Rab11fip3	0.179029304029304	45.7172687502857	0.0460871190283915	227.666666666667	0.0460871190283915	7.58258714993643e-10	NA	NA	NA	0	0.25
172	Rarb	0.211309523809524	62.486156629097	0.0352900811870943	690.666666666667	0.0352900811870943	0	NA	NA	NA	0	0.25
173	Rbfox2	0.728885099574755	271.263445676826	0.42534181594036	10288	0.436656380701724	0.107437729416667	1	0	1	2	0.614442549787377
174	Rbpj	0.18040293040293	65.7634849761507	0.0249458924379261	393.333333333333	0.0249458924379261	4.2829767451534e-09	NA	NA	NA	0	0.25
175	Rfx3	0.310782967032967	33.4796322015962	0.158844195725361	169.666666666667	0.158844195725361	0	NA	NA	NA	0	0.25
176	Rfx7	0.240113574165298	22.9913149805957	0.180182599113103	18.3333333333333	0.180182599113103	7.58367050191513e-32	NA	NA	NA	0	0.25
177	Rora	0.606646825396825	208.791618161033	0.520503376161559	7907	0.520503376161559	0	1	0	1	2	0.553323412698413
178	Rorc	0.896837238432066	310.258288688874	0.372942836593662	12817.6666666667	0.372942836593662	0	1	1	1	3	0.92262792882405
179	Rreb1	0.496855395562292	81.4463245526142	0.195620517712801	500.333333333333	0.195620517712801	1.61351626091044e-08	NA	NA	NA	0	0.25
180	Rxra	0.269230769230769	43.0478981635724	0.0743164122191795	195.333333333333	0.0743164122191795	1.64972884830871e-22	NA	NA	NA	0	0.25
181	Rxrb	0.109195402298851	19.6287061134499	0.0149424522220495	119.666666666667	0.0149424522220495	4.6796919411054e-40	NA	NA	NA	0	0.25
182	Sall1	0.370181781819713	63.5834856415788	0.119005799998477	668.666666666667	0.119005799998477	1.87983038538275e-126	NA	NA	NA	0	0.25
183	Scap	0.280048734790114	30.037233825705	0.114565726600637	51	0.114565726600637	1.45456281293301e-87	NA	NA	NA	0	0.25
184	Setdb1	0.530843438171024	154.073423203571	0.0754788642950487	2805.66666666667	0.0754788642950487	5.49528804219173e-59	NA	NA	NA	0	0.25
185	Sin3a	0.270439928845101	96.3938418858155	0.0308446898908873	3894.66666666667	0.0308446898908873	9.28949450153077e-34	NA	NA	NA	0	0.25
186	Sin3b	0.208812260536398	53.9463274146208	0.0190986290613688	2071.66666666667	0.0190986290613688	2.97071914312648e-26	NA	NA	NA	0	0.25
187	Slc20a1	0.517563734158562	220.226048913278	0.0368023874481963	6378.33333333333	0.0368023874481963	4.08551868381533e-35	NA	NA	NA	0	0.25
188	Slc20a2	0.939734116458254	357.185759442586	0.415809193572479	18954.3333333333	0.415809193572479	2.82307714275191e-171	1	1	1	3	0.954800587343691
189	Slc22a1	0.866997705359774	162.360940124753	0.563853591440746	2143.33333333333	0.563853591440746	0	1	1	1	3	0.900248279019831
190	Smad2	0.125839438339438	58.1075545853319	0.0103329314143355	170.666666666667	0.0103329314143355	2.30851576373079e-41	NA	NA	NA	0	0.25
191	Smad3	0.462835775335775	101.706562302183	0.152088167945764	620.666666666667	0.152088167945764	0	1	0	0	1	0.365708943833944
192	Smad4	0.144345238095238	42.5728201209413	0.0247147285207528	275	0.0247147285207528	2.40589398908436e-205	NA	NA	NA	0	0.25
193	Smad9	0.767697939034146	229.560499675376	0.144959504469426	5381.66666666667	0.144959504469426	5.0043392637501e-149	1	1	0	2	0.633848969517073
194	Smarcb1	0.0208333333333333	13.1668513860901	0.0051761051368962	7.33333333333333	0.0051761051368962	5.9048820855762e-51	NA	NA	NA	0	0.25
195	Smarcc1	0.188898625321039	21.1224827652582	0.0778117609548197	65	0.0778117609548197	9.79707035479513e-52	NA	NA	NA	0	0.25
196	Smc3	0.123511904761905	59.7850137822115	0.00246094493841423	707.666666666667	0.00246094493841423	1.1847536247941e-47	NA	NA	NA	0	0.25
197	Sox5	0.420940170940171	27.0572910064852	0.737828940214977	85.3333333333333	0.737828940214977	0	1	0	0	1	0.355235042735043
198	Sox6	0.497322481158688	100.62729055228	0.578619962544148	1660	0.587703363728614	0.059514759804532	1	0	0	1	0.374330620289672
199	Sp3	0.0193452380952381	14.3257094782908	0.0009253792145085	13.6666666666667	0.0009253792145085	6.4002191729318e-30	NA	NA	NA	0	0.25
200	Srebf1	0.766240105679761	133.754877054366	0.344278056180194	1382	0.344278056180194	1.32036190240243e-171	1	1	1	3	0.824680079259821
201	Srebf2	0.286826081007115	70.5287912607243	0.0346460771118006	734	0.0346460771118006	5.26147532142517e-56	NA	NA	NA	0	0.25
202	Stat2	0.17742673992674	47.0053467664424	0.0461888337408391	120	0.0461888337408391	3.78395899344233e-31	NA	NA	NA	0	0.25
203	Stat3	0.0505952380952381	15.3806239186389	0.0189506617197015	18	0.0189506617197015	6.2104796360832e-51	NA	NA	NA	0	0.25
204	Stat5a	0.483999357921772	150.735667427549	0.0550055898420498	2262.66666666667	0.0550055898420498	4.44923916481523e-51	NA	NA	NA	0	0.25
205	Stat5b	0.731103427224117	139.148623731837	0.219592501287294	1764.66666666667	0.219592501287294	1.58475479751762e-73	1	1	0	2	0.615551713612058
206	Taf1	0.137349480021894	32.9652497927833	0.0525413262904108	53.3333333333333	0.0525413262904108	6.19734045137347e-26	NA	NA	NA	0	0.25
207	Tbp	0.0597632731253421	33.4587572854119	0.0119322924735968	60.6666666666667	0.0119322924735968	9.33805373498283e-25	NA	NA	NA	0	0.25
208	Tbx3	0.709525388404699	134.086370144951	0.213255039961935	1675.66666666667	0.213255039961935	1.07851182204418e-170	0	1	0	1	0.427381347101175
209	Tcf12	0.236607142857143	33.2140558081256	0.159946930511782	150.333333333333	0.159946930511782	0	1	0	0	1	0.309151785714286
210	Tcf20	0.400583133341754	19.2245332945765	0.288861988526759	42.6666666666667	0.288861988526759	5.1692064826166e-70	NA	NA	NA	0	0.25
211	Tcf7l1	0.266369047619048	120.681889899629	0.0454739793460813	3368.33333333333	0.0454739793460813	0	1	0	0	1	0.316592261904762
212	Tcf7l2	0.288461538461538	78.9036851172459	0.177875477664752	1403.66666666667	0.177875477664752	0	0	0	1	1	0.322115384615385
213	Tead1	0.353441697191697	130.456427390926	0.10781488482299	3076	0.10781488482299	4.12979072335783e-21	1	0	0	1	0.338360424297924
214	Tef	0.694897056966022	130.830098520514	0.31060870765651	2809.66666666667	0.31060870765651	2.57662103574137e-55	0	1	1	2	0.597448528483011
215	Tenm3	0.9701762557366	567.992550223337	0.497144047548252	29538.6666666667	0.497144047548252	2.11390987662976e-236	1	1	1	3	0.97763219180245
216	Terf2	0.0491071428571428	23.581438436255	0.00825619024408107	51.3333333333333	0.00825619024408107	2.64222588549865e-100	NA	NA	NA	0	0.25
217	Tfcp2	0.170138888888889	44.694107973386	0.0438470159479409	173	0.0438470159479409	1.22257521729375e-144	NA	NA	NA	0	0.25
218	Tfdp1	0.286833975411562	75.4204225995332	0.0653038082062223	330.333333333333	0.0653038082062223	8.2099524171356e-33	NA	NA	NA	0	0.25
219	Tfdp2	0.325434981684982	67.3382088868881	0.0976750111014886	564.666666666667	0.0976750111014886	2.00480511881886e-300	1	0	0	1	0.331358745421245
220	Tfeb	0.261346890657235	55.8107599646833	0.0409126360844054	1317.33333333333	0.0409126360844054	1.0421411266414e-66	NA	NA	NA	0	0.25
221	Tgif1	0.347627468317123	110.379646549478	0.0308651136683781	1374.66666666667	0.0308651136683781	1.10987626388061e-67	NA	NA	NA	0	0.25
222	Thap2	0.135416666666667	45.8794827386852	0.016684279799737	374.666666666667	0.016684279799737	1.02512935220188e-227	NA	NA	NA	0	0.25
223	Thrb	0.944654961896341	224.463897657288	1.03309526366591	5313.66666666667	1.03309526366591	5.24337106628233e-195	1	1	1	3	0.958491221422256
224	Topors	0.00574712643678161	0	0.00392212813997563	0.333333333333333	0.00392212813997563	3.08872014696368e-16	NA	NA	NA	0	0.25
225	Traf4	0.486751873605322	90.9540887904041	0.115919716159915	665.333333333333	0.115919716159915	1.20750477149861e-101	NA	NA	NA	0	0.25
226	Trim28	0.721653825102101	141.188308715665	0.427539373386129	4725.33333333333	0.427539373386129	4.14556518166967e-268	0	1	1	2	0.61082691255105
227	Ube2a	0.0919540229885057	0	0.049754204007428	0.333333333333333	0.049754204007428	4.45565197681327e-85	NA	NA	NA	0	0.25
228	Ube2b	0.118773946360153	0	0.0766124587678397	0.333333333333333	0.0766124587678397	3.14448676590601e-79	NA	NA	NA	0	0.25
229	Ubp1	0.138592848722159	34.8539890996206	0.0467608061686887	75.3333333333333	0.0467608061686887	3.57424628559073e-26	NA	NA	NA	0	0.25
230	Usf2	0.109195402298851	9.76598228867538	0.049144048730116	4	0.049144048730116	5.1884505736533e-97	NA	NA	NA	0	0.25
231	Vtn	0.612263694160246	45.9347453103799	1.01515648498848	117.333333333333	1.01515648498848	0	NA	NA	NA	0	0.25
232	Wrnip1	0.122819828638794	24.4594813664282	0.053042618433742	36.6666666666667	0.053042618433742	2.80697696818444e-60	NA	NA	NA	0	0.25
233	Ybx1	0.256704980842912	20.4403128312416	0.198838144277422	193.333333333333	0.198838144277422	5.60850255853057e-261	0	1	0	1	0.314176245210728
234	Yy1	0.182950191570881	38.0840254151994	0.0444840978848392	100.333333333333	0.0444840978848392	9.14117346401533e-47	NA	NA	NA	0	0.25
235	Zbtb16	0.662445791756137	127.217595063949	0.417163197956307	1502	0.417163197956307	1.95693910539841e-12	1	0	1	2	0.581222895878068
236	Zbtb7b	0.0814176245210728	10.8540445784003	0.0386953331020048	18.6666666666667	0.0386953331020048	6.09923984354067e-70	NA	NA	NA	0	0.25
237	Zbtb7c	0.599930002947244	133.867461700927	0.220029120365439	2311.33333333333	0.220029120365439	2.90283592030447e-31	0	0	1	1	0.399982500736811
238	Zeb1	0.446394362342638	117.46301578454	0.227403464981433	2420.66666666667	0.227403464981433	1.30763036983253e-11	1	0	0	1	0.36159859058566
239	Zfhx2	0.257902298850575	58.0729014698582	0.0392815574856618	686.666666666667	0.0392815574856618	2.30083718281385e-96	NA	NA	NA	0	0.25
240	Zfhx3	0.0297619047619048	22.6461634076559	0	43	0.00533142090848567	0.0597267997715187	NA	NA	NA	0	0.25
241	Zfp110	0.0229885057471264	10.6944636884534	0.00763149776614323	32.6666666666667	0.00763149776614323	2.64172585108285e-33	NA	NA	NA	0	0.25
242	Zfp143	0.0739929371394889	33.9048365576561	0.0224300055037865	55.3333333333333	0.0224300055037865	6.77539490356567e-25	NA	NA	NA	0	0.25
243	Zfp146	0.40211070060208	127.040342078732	0.0427453193461496	1450	0.0427453193461496	8.47280634338473e-45	NA	NA	NA	0	0.25
244	Zfp148	0.317269536019536	61.5930799324134	0.112496201135262	499	0.112496201135262	1.23552568154549e-10	1	0	0	1	0.329317384004884
245	Zfp219	0.161727400951539	42.5954589422175	0.0282336786417125	380	0.0282336786417125	2.34482145650498e-37	NA	NA	NA	0	0.25
246	Zfp24	0.0480979748221128	16.3270763739437	0.0064566350631353	113	0.0064566350631353	3.37451656153117e-17	NA	NA	NA	0	0.25
247	Zfp260	0.0982142857142857	38.7076482863279	0.00559233822385673	229	0.00559233822385673	1.83753499146872e-83	NA	NA	NA	0	0.25
248	Zfp281	0.0727969348659004	23.3430433930258	0.000527440072959033	202.666666666667	0.000527440072959033	1.79621392535168e-11	NA	NA	NA	0	0.25
249	Zfp317	0.015736179529283	0.14767218145513	0.0160312137359059	5.66666666666667	0.0160312137359059	6.48299034289657e-27	NA	NA	NA	0	0.25
250	Zfp322a	0.0803742474001095	34.7251706792389	0.0190819299110442	71	0.0190819299110442	5.5012056820208e-22	NA	NA	NA	0	0.25
251	Zfp329	0.102678571428571	40.7944036191763	0.0062760265176734	250.333333333333	0.0062760265176734	9.87690924535177e-104	NA	NA	NA	0	0.25
252	Zfp369	0.0478927203065134	11.9515540844111	0.00995028049830847	74	0.00995028049830847	2.24175920624629e-51	NA	NA	NA	0	0.25
253	Zfp384	0.078544061302682	17.0730226869476	0.00918871457252417	153.666666666667	0.00918871457252417	6.77284837976657e-43	NA	NA	NA	0	0.25
254	Zfp397	0.0223214285714286	0.610674453542232	0.00962673418496483	10	0.00962673418496483	6.53456395244233e-112	NA	NA	NA	0	0.25
255	Zfp410	0.155257936507937	33.3030607570912	0.0449468391982332	52.6666666666667	0.0449468391982332	2.63371858978865e-43	NA	NA	NA	0	0.25
256	Zfp426	0.332266272999032	101.285543807938	0.0449661189500598	1130.33333333333	0.0449661189500598	9.35122336148477e-30	NA	NA	NA	0	0.25
257	Zfp467	0.0632183908045977	18.5866683624525	0.00414141264298887	89.3333333333333	0.00414141264298887	1.83261453499841e-17	NA	NA	NA	0	0.25
258	Zfp523	0.269282082859669	71.8942492730526	0.041109583432355	525.333333333333	0.041109583432355	7.79667492629223e-35	NA	NA	NA	0	0.25
259	Zfp652	0.175595238095238	46.936046444709	0.034852848413654	313.333333333333	0.034852848413654	1.25442546026072e-199	NA	NA	NA	0	0.25
260	Zfp740	0.0459770114942529	16.6394969708735	0.0030655444958091	103.666666666667	0.0030655444958091	7.20259379518133e-21	NA	NA	NA	0	0.25
261	Zfp809	0.364205717653994	68.1489919844149	0.132724428660249	288	0.132724428660249	9.70372458430053e-38	NA	NA	NA	0	0.25
262	Zfp825	0.347238011031114	77.8393589131156	0.0707649119486899	967	0.0707649119486899	5.6096123098093e-79	NA	NA	NA	0	0.25
263	Zfx	0.0765770388615216	30.2695273851437	0.0192090610591932	75	0.0192090610591932	4.2521500932474e-22	NA	NA	NA	0	0.25
264	Zkscan1	0.503990621447518	75.6841279108711	0.152579751448007	534	0.152579751448007	2.13009395086421e-107	NA	NA	NA	0	0.25
265	Zkscan3	0.325750757862827	33.6344995178865	0.138727935765534	158.666666666667	0.138727935765534	0.00076648487050945	NA	NA	NA	0	0.25
266	Zkscan5	0.257443107658625	56.2392453420543	0.0471140766940392	320	0.0471140766940392	7.9780992396847e-46	NA	NA	NA	0	0.25
267	Zscan26	0.334804324028462	71.0119802825799	0.0682695657337715	832.333333333333	0.0682695657337715	4.54190994682093e-36	NA	NA	NA	0	0.25
